Yr,Mn,Date,Date,CO2 [ppm],seasonally adjusted [ppm],fit [ppm],seasonally adjusted fit [ppm],CO2 filled [ppm],seasonally adjusted filled[ppm]
1969,1,25218,1969.0411,331.44,329.61,329,327.16,331.44,329.61
1969,2,25249,1969.126,326.52,324.31,329.29,327.08,326.52,324.31
1969,3,25277,1969.2027,-99.99,-99.99,329.61,327,329.61,327
1969,4,25308,1969.2877,327.92,324.6,330.26,326.94,327.92,324.6
1969,5,25338,1969.3699,-99.99,-99.99,330.29,326.89,330.29,326.89
1969,6,25369,1969.4548,326.33,324.86,328.27,326.85,326.33,324.86
1969,7,25399,1969.537,-99.99,-99.99,324.28,326.82,324.28,326.82
1969,8,25430,1969.6219,-99.99,-99.99,321.08,326.81,321.08,326.81
1969,9,25461,1969.7068,-99.99,-99.99,321.76,326.81,321.76,326.81
1969,10,25491,1969.789,325.62,327.91,324.57,326.81,325.62,327.91
1969,11,25522,1969.874,-99.99,-99.99,326.71,326.82,326.71,326.82
1969,12,25552,1969.9562,-99.99,-99.99,327.87,326.83,327.87,326.83
1970,1,25583,1970.0411,-99.99,-99.99,328.69,326.84,328.69,326.84
1970,2,25614,1970.126,-99.99,-99.99,329.09,326.86,329.09,326.86
1970,3,25642,1970.2027,-99.99,-99.99,329.51,326.88,329.51,326.88
1970,4,25673,1970.2877,329.14,325.8,330.26,326.91,329.14,325.8
1970,5,25703,1970.3699,331.66,328.22,330.38,326.94,331.66,328.22
1970,6,25734,1970.4548,328.18,326.69,328.42,326.98,328.18,326.69
1970,7,25764,1970.537,-99.99,-99.99,324.46,327.02,324.46,327.02
1970,8,25795,1970.6219,-99.99,-99.99,321.3,327.07,321.3,327.07
1970,9,25826,1970.7068,322.35,327.47,322.03,327.12,322.35,327.47
1970,10,25856,1970.789,-99.99,-99.99,324.91,327.17,324.91,327.17
1970,11,25887,1970.874,-99.99,-99.99,327.11,327.22,327.11,327.22
1970,12,25917,1970.9562,327.29,326.25,328.33,327.28,327.29,326.25
1971,1,25948,1971.0411,-99.99,-99.99,329.21,327.34,329.21,327.34
1971,2,25979,1971.126,329.72,327.48,329.66,327.41,329.72,327.48
1971,3,26007,1971.2027,330.23,327.6,330.12,327.47,330.23,327.6
1971,4,26038,1971.2877,330.42,327.05,330.91,327.54,330.42,327.05
1971,5,26068,1971.3699,330.64,327.17,331.07,327.61,330.64,327.17
1971,6,26099,1971.4548,329.95,328.45,329.13,327.68,329.95,328.45
1971,7,26129,1971.537,324.42,326.93,325.17,327.75,324.42,326.93
1971,8,26160,1971.6219,-99.99,-99.99,322.02,327.83,322.02,327.83
1971,9,26191,1971.7068,-99.99,-99.99,322.79,327.91,322.79,327.91
1971,10,26221,1971.789,-99.99,-99.99,325.7,327.98,325.7,327.98
1971,11,26252,1971.874,-99.99,-99.99,327.94,328.05,327.94,328.05
1971,12,26282,1971.9562,-99.99,-99.99,329.19,328.13,329.19,328.13
1972,1,26313,1972.041,-99.99,-99.99,330.08,328.2,330.08,328.2
1972,2,26344,1972.1257,-99.99,-99.99,330.53,328.27,330.53,328.27
1972,3,26373,1972.2049,333.76,331.08,331.02,328.33,333.76,331.08
1972,4,26404,1972.2896,330.92,327.51,331.82,328.4,330.92,327.51
1972,5,26434,1972.3716,332.23,328.75,331.93,328.46,332.23,328.75
1972,6,26465,1972.4563,-99.99,-99.99,329.92,328.53,329.92,328.53
1972,7,26495,1972.5383,326.6,329.19,325.93,328.59,326.6,329.19
1972,8,26526,1972.623,-99.99,-99.99,322.79,328.66,322.79,328.66
1972,9,26557,1972.7077,322.69,327.86,323.61,328.74,322.69,327.86
1972,10,26587,1972.7896,326.04,328.36,326.55,328.83,326.04,328.36
1972,11,26618,1972.8743,328.37,328.5,328.82,328.92,328.37,328.5
1972,12,26648,1972.9563,330.31,329.26,330.1,329.03,330.31,329.26
1973,1,26679,1973.0411,330.32,328.43,331.04,329.15,330.32,328.43
1973,2,26710,1973.126,331.37,329.1,331.56,329.29,331.37,329.1
1973,3,26738,1973.2027,332.08,329.4,332.1,329.42,332.08,329.4
1973,4,26769,1973.2877,333.74,330.32,332.99,329.57,333.74,330.32
1973,5,26799,1973.3699,-99.99,-99.99,333.22,329.72,333.22,329.72
1973,6,26830,1973.4548,-99.99,-99.99,331.34,329.88,331.34,329.88
1973,7,26860,1973.537,328.61,331.16,327.42,330.04,328.61,331.16
1973,8,26891,1973.6219,322.2,328.08,324.31,330.21,322.2,328.08
1973,9,26922,1973.7068,-99.99,-99.99,325.19,330.38,325.19,330.38
1973,10,26952,1973.789,328.76,331.12,328.24,330.55,328.76,331.12
1973,11,26983,1973.874,-99.99,-99.99,330.61,330.72,330.61,330.72
1973,12,27013,1973.9562,-99.99,-99.99,331.96,330.89,331.96,330.89
1974,1,27044,1974.0411,-99.99,-99.99,332.97,331.06,332.97,331.06
1974,2,27075,1974.126,333.69,331.41,333.52,331.23,333.69,331.41
1974,3,27103,1974.2027,333.6,330.9,334.08,331.37,333.6,330.9
1974,4,27134,1974.2877,335.69,332.25,334.98,331.53,335.69,332.25
1974,5,27164,1974.3699,-99.99,-99.99,335.2,331.67,335.2,331.67
1974,6,27195,1974.4548,-99.99,-99.99,333.28,331.81,333.28,331.81
1974,7,27225,1974.537,-99.99,-99.99,329.29,331.93,329.29,331.93
1974,8,27256,1974.6219,327.39,333.31,326.11,332.05,327.39,333.31
1974,9,27287,1974.7068,-99.99,-99.99,326.92,332.15,326.92,332.15
1974,10,27317,1974.789,330.85,333.22,329.92,332.24,330.85,333.22
1974,11,27348,1974.874,331.38,331.52,332.21,332.33,331.38,331.52
1974,12,27378,1974.9562,-99.99,-99.99,333.48,332.4,333.48,332.4
1975,1,27409,1975.0411,334.33,332.43,334.38,332.47,334.33,332.43
1975,2,27440,1975.126,-99.99,-99.99,334.84,332.53,334.84,332.53
1975,3,27468,1975.2027,-99.99,-99.99,335.31,332.58,335.31,332.58
1975,4,27499,1975.2877,334.77,331.31,336.11,332.64,334.77,331.31
1975,5,27529,1975.3699,337,333.43,336.25,332.7,337,333.43
1975,6,27560,1975.4548,-99.99,-99.99,334.24,332.75,334.24,332.75
1975,7,27590,1975.537,329.68,332.26,330.16,332.81,329.68,332.26
1975,8,27621,1975.6219,-99.99,-99.99,326.89,332.88,326.89,332.88
1975,9,27652,1975.7068,-99.99,-99.99,327.68,332.94,327.68,332.94
1975,10,27682,1975.789,328.81,331.2,330.67,333.01,328.81,331.2
1975,11,27713,1975.874,-99.99,-99.99,332.97,333.08,332.97,333.08
1975,12,27743,1975.9562,335.55,334.48,334.25,333.16,335.55,334.48
1976,1,27774,1976.041,-99.99,-99.99,335.16,333.23,335.16,333.23
1976,2,27805,1976.1257,334.92,332.6,335.64,333.31,334.92,332.6
1976,3,27834,1976.2049,337.37,334.62,336.14,333.38,337.37,334.62
1976,4,27865,1976.2896,338.47,334.97,336.97,333.46,338.47,334.97
1976,5,27895,1976.3716,-99.99,-99.99,337.1,333.54,337.1,333.54
1976,6,27926,1976.4563,334.77,333.28,335.05,333.62,334.77,333.28
1976,7,27956,1976.5383,-99.99,-99.99,330.96,333.7,330.96,333.7
1976,8,27987,1976.623,328.74,334.76,327.75,333.79,328.74,334.76
1976,9,28018,1976.7077,326.31,331.64,328.61,333.89,326.31,331.64
1976,10,28048,1976.7896,-99.99,-99.99,331.67,334,331.67,334
1976,11,28079,1976.8743,-99.99,-99.99,334.02,334.13,334.02,334.13
1976,12,28109,1976.9563,334.31,333.23,335.36,334.27,334.31,333.23
1977,1,28140,1977.0411,336.28,334.35,336.37,334.42,336.28,334.35
1977,2,28171,1977.126,335.5,333.16,336.93,334.59,335.5,333.16
1977,3,28199,1977.2027,336.81,334.06,337.51,334.75,336.81,334.06
1977,4,28230,1977.2877,-99.99,-99.99,338.46,334.94,338.46,334.94
1977,5,28260,1977.3699,338.58,334.96,338.73,335.13,338.58,334.96
1977,6,28291,1977.4548,-99.99,-99.99,336.83,335.32,336.83,335.32
1977,7,28321,1977.537,333.23,335.85,332.82,335.51,333.23,335.85
1977,8,28352,1977.6219,-99.99,-99.99,329.64,335.7,329.64,335.7
1977,9,28383,1977.7068,331.84,337.23,330.55,335.89,331.84,337.23
1977,10,28413,1977.789,334.19,336.61,333.68,336.05,334.19,336.61
1977,11,28444,1977.874,338.34,338.48,336.1,336.21,338.34,338.48
1977,12,28474,1977.9562,-99.99,-99.99,337.46,336.36,337.46,336.36
1978,1,28505,1978.0411,340.11,338.16,338.45,336.49,340.11,338.16
1978,2,28536,1978.126,-99.99,-99.99,338.98,336.62,338.98,336.62
1978,3,28564,1978.2027,-99.99,-99.99,339.51,336.73,339.51,336.73
1978,4,28595,1978.2877,339.65,336.11,340.39,336.84,339.65,336.11
1978,5,28625,1978.3699,339.24,335.59,340.59,336.95,339.24,335.59
1978,6,28656,1978.4548,339.13,337.56,338.59,337.07,339.13,337.56
1978,7,28686,1978.537,-99.99,-99.99,334.48,337.19,334.48,337.19
1978,8,28717,1978.6219,331.44,337.52,331.21,337.32,331.44,337.52
1978,9,28748,1978.7068,330.16,335.58,332.08,337.46,330.16,335.58
1978,10,28778,1978.789,336.09,338.53,335.2,337.59,336.09,338.53
1978,11,28809,1978.874,336.65,336.79,337.63,337.74,336.65,336.79
1978,12,28839,1978.9562,340.15,339.05,339.01,337.9,340.15,339.05
1979,1,28870,1979.0411,338.66,336.7,340.03,338.06,338.66,336.7
1979,2,28901,1979.126,339.47,337.1,340.6,338.22,339.47,337.1
1979,3,28929,1979.2027,341.09,338.3,341.18,338.38,341.09,338.3
1979,4,28960,1979.2877,341.36,337.8,342.12,338.55,341.36,337.8
1979,5,28990,1979.3699,-99.99,-99.99,342.37,338.71,342.37,338.71
1979,6,29021,1979.4548,343.47,341.88,340.4,338.87,343.47,341.88
1979,7,29051,1979.537,-99.99,-99.99,336.28,339.01,336.28,339.01
1979,8,29082,1979.6219,333.35,339.47,333,339.15,333.35,339.47
1979,9,29113,1979.7068,335.83,341.29,333.85,339.27,335.83,341.29
1979,10,29143,1979.789,338.08,340.54,336.96,339.37,338.08,340.54
1979,11,29174,1979.874,339.48,339.62,339.34,339.46,339.48,339.62
1979,12,29204,1979.9562,-99.99,-99.99,340.66,339.54,340.66,339.54
1980,1,29235,1980.041,-99.99,-99.99,341.59,339.61,341.59,339.61
1980,2,29266,1980.1257,-99.99,-99.99,342.07,339.68,342.07,339.68
1980,3,29295,1980.2049,341.12,338.3,342.58,339.74,341.12,338.3
1980,4,29326,1980.2896,-99.99,-99.99,343.42,339.81,343.42,339.81
1980,5,29356,1980.3716,341.61,337.93,343.55,339.88,341.61,337.93
1980,6,29387,1980.4563,-99.99,-99.99,341.44,339.96,341.44,339.96
1980,7,29417,1980.5383,-99.99,-99.99,337.22,340.04,337.22,340.04
1980,8,29448,1980.623,333.94,340.12,333.92,340.13,333.94,340.12
1980,9,29479,1980.7077,-99.99,-99.99,334.8,340.23,334.8,340.23
1980,10,29509,1980.7896,337.78,340.23,337.92,340.32,337.78,340.23
1980,11,29540,1980.8743,-99.99,-99.99,340.31,340.42,340.31,340.42
1980,12,29570,1980.9563,341,339.89,341.65,340.52,341,339.89
1981,1,29601,1981.0411,342.32,340.33,342.62,340.62,342.32,340.33
1981,2,29632,1981.126,343.85,341.44,343.13,340.72,343.85,341.44
1981,3,29660,1981.2027,-99.99,-99.99,343.65,340.81,343.65,340.81
1981,4,29691,1981.2877,-99.99,-99.99,344.53,340.91,344.53,340.91
1981,5,29721,1981.3699,345.36,341.64,344.71,341,345.36,341.64
1981,6,29752,1981.4548,-99.99,-99.99,342.64,341.09,342.64,341.09
1981,7,29782,1981.537,337.92,340.61,338.4,341.17,337.92,340.61
1981,8,29813,1981.6219,336.42,342.63,335.02,341.25,336.42,342.63
1981,9,29844,1981.7068,-99.99,-99.99,335.84,341.32,335.84,341.32
1981,10,29874,1981.789,339.22,341.71,338.95,341.39,339.22,341.71
1981,11,29905,1981.874,340.14,340.28,341.34,341.46,340.14,340.28
1981,12,29935,1981.9562,342.29,341.18,342.66,341.53,342.29,341.18
1982,1,29966,1982.0411,343.98,341.98,343.61,341.59,343.98,341.98
1982,2,29997,1982.126,-99.99,-99.99,344.09,341.66,344.09,341.66
1982,3,30025,1982.2027,343.84,340.99,344.58,341.72,343.84,340.99
1982,4,30056,1982.2877,347.69,344.06,345.43,341.79,347.69,344.06
1982,5,30086,1982.3699,346.52,342.78,345.59,341.86,346.52,342.78
1982,6,30117,1982.4548,342.33,340.71,343.49,341.93,342.33,340.71
1982,7,30147,1982.537,340.14,342.85,339.22,342.01,340.14,342.85
1982,8,30178,1982.6219,-99.99,-99.99,335.82,342.1,335.82,342.1
1982,9,30209,1982.7068,335.95,341.52,336.67,342.2,335.95,341.52
1982,10,30239,1982.789,-99.99,-99.99,339.85,342.31,339.85,342.31
1982,11,30270,1982.874,341.62,341.76,342.32,342.44,341.62,341.76
1982,12,30300,1982.9562,343.08,341.95,343.73,342.59,343.08,341.95
1983,1,30331,1983.0411,344.52,342.51,344.78,342.76,344.52,342.51
1983,2,30362,1983.126,344.53,342.09,345.38,342.94,344.53,342.09
1983,3,30390,1983.2027,345.47,342.61,345.99,343.12,345.47,342.61
1983,4,30421,1983.2877,347.3,343.64,346.99,343.32,347.3,343.64
1983,5,30451,1983.3699,347.87,344.1,347.29,343.53,347.87,344.1
1983,6,30482,1983.4548,344.71,343.09,345.32,343.75,344.71,343.09
1983,7,30512,1983.537,340.74,343.47,341.16,343.96,340.74,343.47
1983,8,30543,1983.6219,336.96,343.25,337.86,344.18,336.96,343.25
1983,9,30574,1983.7068,339.92,345.52,338.83,344.39,339.92,345.52
1983,10,30604,1983.789,342.85,345.37,342.11,344.58,342.85,345.37
1983,11,30635,1983.874,342.64,342.78,344.65,344.77,342.64,342.78
1983,12,30665,1983.9562,345.7,344.57,346.09,344.94,345.7,344.57
1984,1,30696,1984.041,345.88,343.85,347.14,345.11,345.88,343.85
1984,2,30727,1984.1257,347.55,345.1,347.72,345.26,347.55,345.1
1984,3,30756,1984.2049,347.49,344.58,348.31,345.4,347.49,344.58
1984,4,30787,1984.2896,350.11,346.41,349.24,345.53,350.11,346.41
1984,5,30817,1984.3716,349.5,345.72,349.42,345.65,349.5,345.72
1984,6,30848,1984.4563,346.68,345.11,347.28,345.76,346.68,345.11
1984,7,30878,1984.5383,343.09,345.91,342.97,345.86,343.09,345.91
1984,8,30909,1984.623,339.91,346.27,339.58,345.95,339.91,346.27
1984,9,30940,1984.7077,340.83,346.45,340.46,346.03,340.83,346.45
1984,10,30970,1984.7896,344,346.52,343.64,346.1,344,346.52
1984,11,31001,1984.8743,344.88,345.02,346.06,346.17,344.88,345.02
1984,12,31031,1984.9563,348.18,347.04,347.39,346.23,348.18,347.04
1985,1,31062,1985.0411,348.05,346.01,348.35,346.3,348.05,346.01
1985,2,31093,1985.126,348.74,346.27,348.84,346.37,348.74,346.27
1985,3,31121,1985.2027,349.17,346.27,349.35,346.43,349.17,346.27
1985,4,31152,1985.2877,348.11,344.41,350.23,346.51,348.11,344.41
1985,5,31182,1985.3699,350.12,346.3,350.4,346.59,350.12,346.3
1985,6,31213,1985.4548,349.81,348.16,348.28,346.68,349.81,348.16
1985,7,31243,1985.537,345.68,348.45,343.93,346.77,345.68,348.45
1985,8,31274,1985.6219,340.07,346.45,340.46,346.86,340.07,346.45
1985,9,31305,1985.7068,340.4,346.08,341.32,346.96,340.4,346.08
1985,10,31335,1985.789,343.33,345.89,344.55,347.06,343.33,345.89
1985,11,31366,1985.874,346.97,347.12,347.05,347.17,346.97,347.12
1985,12,31396,1985.9562,-99.99,-99.99,348.44,347.28,348.44,347.28
1986,1,31427,1986.0411,-99.99,-99.99,349.46,347.39,349.46,347.39
1986,2,31458,1986.126,350.85,348.37,349.99,347.5,350.85,348.37
1986,3,31486,1986.2027,349.74,346.81,350.53,347.6,349.74,346.81
1986,4,31517,1986.2877,351.5,347.76,351.45,347.7,351.5,347.76
1986,5,31547,1986.3699,351.74,347.89,351.64,347.8,351.74,347.89
1986,6,31578,1986.4548,349.75,348.1,349.51,347.91,349.75,348.1
1986,7,31608,1986.537,345.42,348.2,345.14,348,345.42,348.2
1986,8,31639,1986.6219,-99.99,-99.99,341.66,348.11,341.66,348.11
1986,9,31670,1986.7068,342.21,347.93,342.54,348.21,342.21,347.93
1986,10,31700,1986.789,347.63,350.2,345.8,348.32,347.63,350.2
1986,11,31731,1986.874,346.79,346.94,348.32,348.45,346.79,346.94
1986,12,31761,1986.9562,350.55,349.39,349.75,348.57,350.55,349.39
1987,1,31792,1987.0411,350.26,348.19,350.8,348.72,350.26,348.19
1987,2,31823,1987.126,351.35,348.85,351.38,348.88,351.35,348.85
1987,3,31851,1987.2027,351.15,348.2,351.99,349.04,351.15,348.2
1987,4,31882,1987.2877,352.41,348.65,352.99,349.23,352.41,348.65
1987,5,31912,1987.3699,353.1,349.23,353.28,349.42,353.1,349.23
1987,6,31943,1987.4548,352.52,350.85,351.25,349.64,352.52,350.85
1987,7,31973,1987.537,347.7,350.5,346.97,349.85,347.7,350.5
1987,8,32004,1987.6219,342.75,349.21,343.59,350.07,342.75,349.21
1987,9,32035,1987.7068,345.61,351.36,344.59,350.3,345.61,351.36
1987,10,32065,1987.789,347.26,349.85,347.98,350.52,347.26,349.85
1987,11,32096,1987.874,350.92,351.07,350.64,350.76,350.92,351.07
1987,12,32126,1987.9562,352.3,351.14,352.17,350.99,352.3,351.14
1988,1,32157,1988.041,352.77,350.69,353.33,351.24,352.77,350.69
1988,2,32188,1988.1257,352.55,350.03,354,351.48,352.55,350.03
1988,3,32217,1988.2049,353.55,350.57,354.7,351.71,353.55,350.57
1988,4,32248,1988.2896,355.17,351.38,355.76,351.96,355.17,351.38
1988,5,32278,1988.3716,356.65,352.77,356.05,352.19,356.65,352.77
1988,6,32309,1988.4563,354.35,352.73,353.96,352.41,354.35,352.73
1988,7,32339,1988.5383,351.47,354.36,349.63,352.6,351.47,354.36
1988,8,32370,1988.623,346.61,353.13,346.22,352.77,346.61,353.13
1988,9,32401,1988.7077,348.52,354.29,347.18,352.9,348.52,354.29
1988,10,32431,1988.7896,350.27,352.85,350.47,353.01,350.27,352.85
1988,11,32462,1988.8743,352.4,352.54,352.98,353.09,352.4,352.54
1988,12,32492,1988.9563,354.71,353.54,354.35,353.16,354.71,353.54
1989,1,32523,1989.0411,355.65,353.55,355.33,353.23,355.65,353.55
1989,2,32554,1989.126,355.55,353.02,355.82,353.28,355.55,353.02
1989,3,32582,1989.2027,356.25,353.27,356.32,353.33,356.25,353.27
1989,4,32613,1989.2877,357.07,353.27,357.2,353.38,357.07,353.27
1989,5,32643,1989.3699,357.14,353.22,357.35,353.44,357.14,353.22
1989,6,32674,1989.4548,354.9,353.2,355.14,353.51,354.9,353.2
1989,7,32704,1989.537,350.86,353.69,350.67,353.59,350.86,353.69
1989,8,32735,1989.6219,347.2,353.74,347.1,353.67,347.2,353.74
1989,9,32766,1989.7068,346.89,352.72,347.99,353.77,346.89,352.72
1989,10,32796,1989.789,350.86,353.49,351.3,353.87,350.86,353.49
1989,11,32827,1989.874,353.81,353.96,353.86,353.99,353.81,353.96
1989,12,32857,1989.9562,354.39,353.22,355.3,354.1,354.39,353.22
1990,1,32888,1990.0411,356.95,354.84,356.34,354.22,356.95,354.84
1990,2,32919,1990.126,357.14,354.6,356.89,354.34,357.14,354.6
1990,3,32947,1990.2027,357.78,354.78,357.45,354.44,357.78,354.78
1990,4,32978,1990.2877,357.8,353.97,358.4,354.56,357.8,353.97
1990,5,33008,1990.3699,359.06,355.11,358.6,354.67,359.06,355.11
1990,6,33039,1990.4548,355.9,354.19,356.43,354.79,355.9,354.19
1990,7,33069,1990.537,351.68,354.53,351.97,354.91,351.68,354.53
1990,8,33100,1990.6219,348.14,354.73,348.42,355.03,348.14,354.73
1990,9,33131,1990.7068,349.5,355.36,349.35,355.17,349.5,355.36
1990,10,33161,1990.789,353.22,355.86,352.71,355.3,353.22,355.86
1990,11,33192,1990.874,355,355.16,355.31,355.44,355,355.16
1990,12,33222,1990.9562,355.97,354.79,356.78,355.58,355.97,354.79
1991,1,33253,1991.0411,-99.99,-99.99,357.86,355.72,357.86,355.72
1991,2,33284,1991.126,358.47,355.91,358.44,355.87,358.47,355.91
1991,3,33312,1991.2027,359.8,356.78,359.02,355.99,359.8,356.78
1991,4,33343,1991.2877,359.69,355.84,359.99,356.12,359.69,355.84
1991,5,33373,1991.3699,360.59,356.62,360.2,356.24,360.59,356.62
1991,6,33404,1991.4548,357.61,355.9,358,356.35,357.61,355.9
1991,7,33434,1991.537,354.77,357.64,353.49,356.44,354.77,357.64
1991,8,33465,1991.6219,350.15,356.78,349.87,356.52,350.15,356.78
1991,9,33496,1991.7068,350.3,356.2,350.73,356.59,350.3,356.2
1991,10,33526,1991.789,353.99,356.64,354.04,356.64,353.99,356.64
1991,11,33557,1991.874,357.86,358.01,356.56,356.68,357.86,358.01
1991,12,33587,1991.9562,357.67,356.47,357.92,356.71,357.67,356.47
1992,1,33618,1992.041,359.41,357.28,358.88,356.73,359.41,357.28
1992,2,33649,1992.1257,358.86,356.28,359.33,356.74,358.86,356.28
1992,3,33678,1992.2049,359.59,356.53,359.82,356.75,359.59,356.53
1992,4,33709,1992.2896,360.58,356.69,360.67,356.76,360.58,356.69
1992,5,33739,1992.3716,360.93,356.95,360.74,356.78,360.93,356.95
1992,6,33770,1992.4563,359.22,357.56,358.39,356.79,359.22,357.56
1992,7,33800,1992.5383,352.85,355.81,353.76,356.81,352.85,355.81
1992,8,33831,1992.623,350.36,357.05,350.12,356.83,350.36,357.05
1992,9,33862,1992.7077,350.01,355.93,351,356.87,350.01,355.93
1992,10,33892,1992.7896,353.87,356.52,354.31,356.91,353.87,356.52
1992,11,33923,1992.8743,-99.99,-99.99,356.85,356.97,356.85,356.97
1992,12,33953,1992.9563,358.37,357.16,358.26,357.04,358.37,357.16
1993,1,33984,1993.0411,359.58,357.43,359.28,357.12,359.58,357.43
1993,2,34015,1993.126,359.81,357.21,359.81,357.21,359.81,357.21
1993,3,34043,1993.2027,360.08,357.03,360.36,357.29,360.08,357.03
1993,4,34074,1993.2877,361.29,357.38,361.3,357.39,361.29,357.38
1993,5,34104,1993.3699,362.12,358.1,361.5,357.49,362.12,358.1
1993,6,34135,1993.4548,359.87,358.13,359.28,357.6,359.87,358.13
1993,7,34165,1993.537,354.5,357.41,354.72,357.71,354.5,357.41
1993,8,34196,1993.6219,350.97,357.68,351.1,357.83,350.97,357.68
1993,9,34227,1993.7068,351.57,357.55,352.03,357.96,351.57,357.55
1993,10,34257,1993.789,355.33,358.02,355.46,358.1,355.33,358.02
1993,11,34288,1993.874,357.11,357.26,358.12,358.25,357.11,357.26
1993,12,34318,1993.9562,359.93,358.73,359.63,358.4,359.93,358.73
1994,1,34349,1994.0411,360.38,358.22,360.74,358.57,360.38,358.22
1994,2,34380,1994.126,361.44,358.82,361.36,358.74,361.44,358.82
1994,3,34408,1994.2027,361.89,358.82,361.98,358.89,361.89,358.82
1994,4,34439,1994.2877,362.79,358.86,363,359.06,362.79,358.86
1994,5,34469,1994.3699,363.67,359.63,363.26,359.23,363.67,359.63
1994,6,34500,1994.4548,361.66,359.92,361.07,359.39,361.66,359.92
1994,7,34530,1994.537,356.93,359.86,356.52,359.53,356.93,359.86
1994,8,34561,1994.6219,352.82,359.57,352.9,359.68,352.82,359.57
1994,9,34592,1994.7068,352.61,358.62,353.86,359.82,352.61,358.62
1994,10,34622,1994.789,357.13,359.84,357.31,359.96,357.13,359.84
1994,11,34653,1994.874,359.68,359.83,359.98,360.11,359.68,359.83
1994,12,34683,1994.9562,362.65,361.44,361.49,360.25,362.65,361.44
1995,1,34714,1995.0411,362.21,360.04,362.59,360.4,362.21,360.04
1995,2,34745,1995.126,362.7,360.07,363.19,360.56,362.7,360.07
1995,3,34773,1995.2027,363.52,360.43,363.8,360.7,363.52,360.43
1995,4,34804,1995.2877,364.71,360.76,364.82,360.86,364.71,360.76
1995,5,34834,1995.3699,364.31,360.24,365.08,361.02,364.31,360.24
1995,6,34865,1995.4548,363.64,361.88,362.89,361.19,363.64,361.88
1995,7,34895,1995.537,358.9,361.85,358.33,361.36,358.9,361.85
1995,8,34926,1995.6219,354.02,360.82,354.7,361.52,354.02,360.82
1995,9,34957,1995.7068,356.54,362.6,355.69,361.69,356.54,362.6
1995,10,34987,1995.789,359.2,361.93,359.18,361.85,359.2,361.93
1995,11,35018,1995.874,360.83,360.98,361.88,362.01,360.83,360.98
1995,12,35048,1995.9562,-99.99,-99.99,363.4,362.16,363.4,362.16
1996,1,35079,1996.041,364.53,362.34,364.51,362.31,364.53,362.34
1996,2,35110,1996.1257,365.19,362.54,365.1,362.45,365.19,362.54
1996,3,35139,1996.2049,365.82,362.69,365.72,362.58,365.82,362.69
1996,4,35170,1996.2896,366.5,362.51,366.71,362.71,366.5,362.51
1996,5,35200,1996.3716,366.94,362.86,366.89,362.82,366.94,362.86
1996,6,35231,1996.4563,365.07,363.37,364.57,362.94,365.07,363.37
1996,7,35261,1996.5383,359.41,362.45,359.91,363.04,359.41,362.45
1996,8,35292,1996.623,357.34,364.2,356.25,363.13,357.34,364.2
1996,9,35323,1996.7077,357.2,363.26,357.2,363.22,357.2,363.26
1996,10,35353,1996.7896,360.29,363.01,360.63,363.3,360.29,363.01
1996,11,35384,1996.8743,363.12,363.27,363.25,363.38,363.12,363.27
1996,12,35414,1996.9563,-99.99,-99.99,364.71,363.46,364.71,363.46
1997,1,35445,1997.0411,365.45,363.25,365.75,363.54,365.45,363.25
1997,2,35476,1997.126,366.39,363.73,366.29,363.63,366.39,363.73
1997,3,35504,1997.2027,367.09,363.95,366.85,363.71,367.09,363.95
1997,4,35535,1997.2877,368.1,364.1,367.82,363.81,368.1,364.1
1997,5,35565,1997.3699,368.48,364.35,368.01,363.91,368.48,364.35
1997,6,35596,1997.4548,365.79,364.01,365.74,364.02,365.79,364.01
1997,7,35626,1997.537,360.85,363.83,361.08,364.14,360.85,363.83
1997,8,35657,1997.6219,356.88,363.76,357.38,364.28,356.88,363.76
1997,9,35688,1997.7068,358.27,364.4,358.37,364.44,358.27,364.4
1997,10,35718,1997.789,361.26,364.02,361.91,364.62,361.26,364.02
1997,11,35749,1997.874,364.43,364.59,364.69,364.82,364.43,364.59
1997,12,35779,1997.9562,366.38,365.14,366.29,365.03,366.38,365.14
1998,1,35810,1998.0411,366.87,364.65,367.49,365.27,366.87,364.65
1998,2,35841,1998.126,368.04,365.36,368.21,365.52,368.04,365.36
1998,3,35869,1998.2027,367.99,364.83,368.93,365.77,367.99,364.83
1998,4,35900,1998.2877,370.38,366.36,370.08,366.05,370.38,366.36
1998,5,35930,1998.3699,370.27,366.12,370.47,366.33,370.27,366.12
1998,6,35961,1998.4548,367.02,365.23,368.36,366.63,367.02,365.23
1998,7,35991,1998.537,364.93,367.93,363.84,366.92,364.93,367.93
1998,8,36022,1998.6219,360.57,367.49,360.27,367.21,360.57,367.49
1998,9,36053,1998.7068,361.9,368.06,361.37,367.49,361.9,368.06
1998,10,36083,1998.789,366.1,368.88,365.01,367.73,366.1,368.88
1998,11,36114,1998.874,-99.99,-99.99,367.83,367.96,367.83,367.96
1998,12,36144,1998.9562,370.21,368.97,369.42,368.15,370.21,368.97
1999,1,36175,1999.0411,369.5,367.26,370.57,368.33,369.5,367.26
1999,2,36206,1999.126,371.64,368.95,371.18,368.48,371.64,368.95
1999,3,36234,1999.2027,371.86,368.69,371.78,368.59,371.86,368.69
1999,4,36265,1999.2877,373.55,369.51,372.76,368.7,373.55,369.51
1999,5,36295,1999.3699,373.91,369.74,372.94,368.78,373.91,369.74
1999,6,36326,1999.4548,370.58,368.77,370.58,368.85,370.58,368.77
1999,7,36356,1999.537,364.88,367.9,365.8,368.91,364.88,367.9
1999,8,36387,1999.6219,363.6,370.56,361.97,368.96,363.6,370.56
1999,9,36418,1999.7068,361.31,367.51,362.86,369.02,361.31,367.51
1999,10,36448,1999.789,365.88,368.67,366.34,369.08,365.88,368.67
1999,11,36479,1999.874,368.35,368.51,369.01,369.15,368.35,368.51
1999,12,36509,1999.9562,369.97,368.71,370.49,369.22,369.97,368.71
2000,1,36540,2000.041,370.14,367.9,371.55,369.3,370.14,367.9
2000,2,36571,2000.1257,372.41,369.7,372.1,369.39,372.41,369.7
2000,3,36600,2000.2049,373.44,370.24,372.7,369.48,373.44,370.24
2000,4,36631,2000.2896,373.93,369.84,373.67,369.57,373.93,369.84
2000,5,36661,2000.3716,374.31,370.13,373.83,369.67,374.31,370.13
2000,6,36692,2000.4563,371.41,369.67,371.45,369.77,371.41,369.67
2000,7,36722,2000.5383,366.09,369.21,366.68,369.88,366.09,369.21
2000,8,36753,2000.623,362.34,369.37,362.94,370,362.34,369.37
2000,9,36784,2000.7077,363.12,369.33,363.96,370.12,363.12,369.33
2000,10,36814,2000.7896,368.11,370.89,367.53,370.25,368.11,370.89
2000,11,36845,2000.8743,370.64,370.79,370.27,370.39,370.64,370.79
2000,12,36875,2000.9563,371.42,370.16,371.81,370.53,371.42,370.16
2001,1,36906,2001.0411,372.31,370.05,372.94,370.67,372.31,370.05
2001,2,36937,2001.126,373.88,371.15,373.55,370.82,373.88,371.15
2001,3,36965,2001.2027,374.3,371.09,374.16,370.94,374.3,371.09
2001,4,36996,2001.2877,375.79,371.69,375.18,371.07,375.79,371.69
2001,5,37026,2001.3699,376.55,372.33,375.4,371.19,376.55,372.33
2001,6,37057,2001.4548,373.38,371.56,373.07,371.31,373.38,371.56
2001,7,37087,2001.537,366.84,369.89,368.28,371.42,366.84,369.89
2001,8,37118,2001.6219,364.88,371.92,364.47,371.55,364.88,371.92
2001,9,37149,2001.7068,364.18,370.45,365.45,371.68,364.18,370.45
2001,10,37179,2001.789,368.36,371.18,369.05,371.82,368.36,371.18
2001,11,37210,2001.874,372.72,372.89,371.83,371.97,372.72,372.89
2001,12,37240,2001.9562,373.31,372.05,373.41,372.12,373.31,372.05
2002,1,37271,2002.0411,375.06,372.79,374.57,372.28,375.06,372.79
2002,2,37302,2002.126,375.17,372.43,375.2,372.45,375.17,372.43
2002,3,37330,2002.2027,376.58,373.35,375.85,372.61,376.58,373.35
2002,4,37361,2002.2877,376.27,372.15,376.92,372.79,376.27,372.15
2002,5,37391,2002.3699,377.23,372.98,377.21,372.98,377.23,372.98
2002,6,37422,2002.4548,374.22,372.39,374.95,373.18,374.22,372.39
2002,7,37452,2002.537,370.71,373.78,370.23,373.38,370.71,373.78
2002,8,37483,2002.6219,364.21,371.29,366.5,373.61,364.21,371.29
2002,9,37514,2002.7068,368.04,374.35,367.58,373.84,368.04,374.35
2002,10,37544,2002.789,371.32,374.16,371.29,374.08,371.32,374.16
2002,11,37575,2002.874,373.09,373.25,374.19,374.32,373.09,373.25
2002,12,37605,2002.9562,376.05,374.78,375.86,374.56,376.05,374.78
2003,1,37636,2003.0411,-99.99,-99.99,377.1,374.81,377.1,374.81
2003,2,37667,2003.126,377.99,375.23,377.82,375.05,377.99,375.23
2003,3,37695,2003.2027,378.27,375.03,378.53,375.27,378.27,375.03
2003,4,37726,2003.2877,380.07,375.93,379.65,375.5,380.07,375.93
2003,5,37756,2003.3699,379.94,375.67,379.97,375.71,379.94,375.67
2003,6,37787,2003.4548,378.4,376.55,377.7,375.92,378.4,376.55
2003,7,37817,2003.537,373.18,376.27,372.94,376.12,373.18,376.27
2003,8,37848,2003.6219,368.62,375.75,369.16,376.31,368.62,375.75
2003,9,37879,2003.7068,368.97,375.32,370.2,376.5,368.97,375.32
2003,10,37909,2003.789,374.02,376.88,373.88,376.68,374.02,376.88
2003,11,37940,2003.874,377.38,377.55,376.72,376.85,377.38,377.55
2003,12,37970,2003.9562,378.78,377.5,378.32,377.01,378.78,377.5
2004,1,38001,2004.041,380.07,377.78,379.48,377.17,380.07,377.78
2004,2,38032,2004.1257,380.23,377.46,380.1,377.32,380.23,377.46
2004,3,38061,2004.2049,380.97,377.69,380.74,377.44,380.97,377.69
2004,4,38092,2004.2896,381.77,377.59,381.77,377.57,381.77,377.59
2004,5,38122,2004.3716,381.8,377.52,381.96,377.7,381.8,377.52
2004,6,38153,2004.4563,379.58,377.8,379.54,377.82,379.58,377.8
2004,7,38183,2004.5383,376.15,379.34,374.67,377.94,376.15,379.34
2004,8,38214,2004.623,369.68,376.88,370.85,378.07,369.68,376.88
2004,9,38245,2004.7077,370.39,376.75,371.9,378.21,370.39,376.75
2004,10,38275,2004.7896,375.61,378.46,375.55,378.34,375.61,378.46
2004,11,38306,2004.8743,-99.99,-99.99,378.37,378.5,378.37,378.5
2004,12,38336,2004.9563,380.15,378.86,379.96,378.65,380.15,378.86
2005,1,38367,2005.0411,380,377.69,381.15,378.82,380,377.69
2005,2,38398,2005.126,382.24,379.44,381.8,379,382.24,379.44
2005,3,38426,2005.2027,382.78,379.5,382.48,379.18,382.78,379.5
2005,4,38457,2005.2877,383.45,379.25,383.59,379.38,383.45,379.25
2005,5,38487,2005.3699,383.86,379.53,383.89,379.58,383.86,379.53
2005,6,38518,2005.4548,382.34,380.47,381.6,379.8,382.34,380.47
2005,7,38548,2005.537,376.8,379.93,376.81,380.03,376.8,379.93
2005,8,38579,2005.6219,372.16,379.37,373.02,380.26,372.16,379.37
2005,9,38610,2005.7068,373.74,380.17,374.13,380.51,373.74,380.17
2005,10,38640,2005.789,377.74,380.63,377.92,380.75,377.74,380.63
2005,11,38671,2005.874,379.43,379.6,380.87,381.01,379.43,379.6
2005,12,38701,2005.9562,382.47,381.17,382.58,381.26,382.47,381.17
2006,1,38732,2006.0411,384.18,381.86,383.86,381.52,384.18,381.86
2006,2,38763,2006.126,385.3,382.5,384.59,381.77,385.3,382.5
2006,3,38791,2006.2027,385.81,382.5,385.31,381.99,385.81,382.5
2006,4,38822,2006.2877,386.16,381.94,386.45,382.22,386.16,381.94
2006,5,38852,2006.3699,386.65,382.3,386.77,382.44,386.65,382.3
2006,6,38883,2006.4548,384.23,382.35,384.45,382.64,384.23,382.35
2006,7,38913,2006.537,381.66,384.8,379.6,382.83,381.66,384.8
2006,8,38944,2006.6219,375.97,383.22,375.73,383.01,375.97,383.22
2006,9,38975,2006.7068,376.85,383.31,376.76,383.17,376.85,383.31
2006,10,39005,2006.789,379.77,382.68,380.47,383.32,379.77,382.68
2006,11,39036,2006.874,383.09,383.26,383.33,383.47,383.09,383.26
2006,12,39066,2006.9562,-99.99,-99.99,384.94,383.61,384.94,383.61
2007,1,39097,2007.0411,386.18,383.84,386.1,383.75,386.18,383.84
2007,2,39128,2007.126,386.75,383.93,386.72,383.88,386.75,383.93
2007,3,39156,2007.2027,387.46,384.13,387.34,384.01,387.46,384.13
2007,4,39187,2007.2877,389.1,384.86,388.39,384.14,389.1,384.86
2007,5,39217,2007.3699,387.78,383.41,388.63,384.27,387.78,383.41
2007,6,39248,2007.4548,386.02,384.13,386.23,384.41,386.02,384.13
2007,7,39278,2007.537,381.18,384.34,381.3,384.55,381.18,384.34
2007,8,39309,2007.6219,378.08,385.37,377.37,384.69,378.08,385.37
2007,9,39340,2007.7068,378.36,384.86,378.39,384.84,378.36,384.86
2007,10,39370,2007.789,381.97,384.89,382.11,384.98,381.97,384.89
2007,11,39401,2007.874,-99.99,-99.99,384.98,385.12,384.98,385.12
2007,12,39431,2007.9562,386.1,384.79,386.59,385.26,386.1,384.79
2008,1,39462,2008.041,388.24,385.89,387.76,385.4,388.24,385.89
2008,2,39493,2008.1257,388.24,385.4,388.38,385.54,388.24,385.4
2008,3,39522,2008.2049,-99.99,-99.99,389.05,385.67,389.05,385.67
2008,4,39553,2008.2896,390.37,386.09,390.1,385.81,390.37,386.09
2008,5,39583,2008.3716,390.15,385.77,390.3,385.94,390.15,385.77
2008,6,39614,2008.4563,388.76,386.94,387.83,386.07,388.76,386.94
2008,7,39644,2008.5383,381.91,385.17,382.85,386.2,381.91,385.17
2008,8,39675,2008.623,379.75,387.11,378.95,386.34,379.75,387.11
2008,9,39706,2008.7077,-99.99,-99.99,380.02,386.47,380.02,386.47
2008,10,39736,2008.7896,383.2,386.08,383.8,386.68,383.2,386.08
2008,11,39767,2008.8743,386.93,386.95,386.79,386.8,386.93,386.95
2008,12,39797,2008.9563,388.97,387.53,388.36,386.92,388.97,387.53
2009,1,39828,2009.0411,388.55,386.13,389.43,387.02,388.55,386.13
2009,2,39859,2009.126,390.41,387.28,390.25,387.13,390.41,387.28
2009,3,39887,2009.2027,391.1,387.42,390.9,387.22,391.1,387.42
2009,4,39918,2009.2877,391.55,387.32,391.55,387.32,391.55,387.32
2009,5,39948,2009.3699,391.99,387.79,391.62,387.42,391.99,387.79
2009,6,39979,2009.4548,388.99,387.29,389.22,387.53,388.99,387.29
2009,7,40009,2009.537,-99.99,-99.99,384.15,387.66,384.15,387.66
2009,8,40040,2009.6219,380.99,388.42,380.34,387.78,380.99,388.42
2009,9,40071,2009.7068,379.08,385.4,381.6,387.93,379.08,385.4
2009,10,40101,2009.789,383.63,386.46,385.26,388.09,383.63,386.46
2009,11,40132,2009.874,386.31,386.48,388.1,388.27,386.31,386.48
2009,12,40162,2009.9562,391.04,389.57,389.93,388.46,391.04,389.57
2010,1,40193,2010.0411,390.69,388.23,391.14,388.67,390.69,388.23
2010,2,40224,2010.126,390.8,387.61,392.09,388.9,390.8,387.61
2010,3,40252,2010.2027,392.36,388.61,392.86,389.11,392.36,388.61
2010,4,40283,2010.2877,394.23,390.04,393.54,389.35,394.23,390.04
2010,5,40313,2010.3699,394.36,390.23,393.71,389.59,394.36,390.23
2010,6,40344,2010.4548,392.51,390.94,391.39,389.82,392.51,390.94
2010,7,40374,2010.537,384.06,387.78,386.33,390.05,384.06,387.78
2010,8,40405,2010.6219,380.89,388.34,382.83,390.28,380.89,388.34
2010,9,40436,2010.7068,384.45,390.64,384.32,390.51,384.45,390.64
2010,10,40466,2010.789,388.98,391.83,387.87,390.72,388.98,391.83
2010,11,40497,2010.874,-99.99,-99.99,390.77,390.94,390.77,390.94
2010,12,40527,2010.9562,392.76,391.3,392.61,391.14,392.76,391.3
2011,1,40558,2011.0411,395.5,393.05,393.79,391.34,395.5,393.05
2011,2,40589,2011.126,394.65,391.49,394.7,391.53,394.65,391.49
2011,3,40617,2011.2027,395.35,391.62,395.42,391.69,395.35,391.62
2011,4,40648,2011.2877,396.3,392.13,396.02,391.86,396.3,392.13
2011,5,40678,2011.3699,395.98,391.88,396.12,392.01,395.98,391.88
2011,6,40709,2011.4548,394.38,392.82,393.73,392.17,394.38,392.82
2011,7,40739,2011.537,388.14,391.84,388.62,392.32,388.14,391.84
2011,8,40770,2011.6219,383.05,390.46,385.08,392.49,383.05,390.46
2011,9,40801,2011.7068,-99.99,-99.99,386.51,392.66,386.51,392.66
2011,10,40831,2011.789,389.22,392.06,390,392.84,389.22,392.06
2011,11,40862,2011.874,393.4,393.57,392.86,393.03,393.4,393.57
2011,12,40892,2011.9562,-99.99,-99.99,394.68,393.22,394.68,393.22
2012,1,40923,2012.041,395.76,393.33,395.87,393.44,395.76,393.33
2012,2,40954,2012.1257,397.63,394.48,396.81,393.66,397.63,394.48
2012,3,40983,2012.2049,397.12,393.4,397.6,393.88,397.12,393.4
2012,4,41014,2012.2896,397.94,393.79,398.27,394.12,397.94,393.79
2012,5,41044,2012.3716,398.04,393.98,398.42,394.36,398.04,393.98
2012,6,41075,2012.4563,396.63,395.16,396.09,394.61,396.63,395.16
2012,7,41105,2012.5383,391.06,394.83,391.1,394.86,391.06,394.83
2012,8,41136,2012.623,388.02,395.4,387.74,395.12,388.02,395.4
2012,9,41167,2012.7077,390.21,396.3,389.29,395.38,390.21,396.3
2012,10,41197,2012.7896,392.38,395.18,392.82,395.62,392.38,395.18
2012,11,41228,2012.8743,395.36,395.52,395.71,395.87,395.36,395.52
2012,12,41258,2012.9563,397.57,396.12,397.55,396.1,397.57,396.12
2013,1,41289,2013.0411,399.65,397.23,398.76,396.34,399.65,397.23
2013,2,41320,2013.126,401.33,398.2,399.69,396.56,401.33,398.2
2013,3,41348,2013.2027,399.36,395.67,400.44,396.75,399.36,395.67
2013,4,41379,2013.2877,401.36,397.24,401.08,396.96,401.36,397.24
2013,5,41409,2013.3699,401.21,397.16,401.21,397.16,401.21,397.16
2013,6,41440,2013.4548,399.57,398.03,398.9,397.36,399.57,398.03
2013,7,41470,2013.537,392.22,395.88,393.91,397.57,392.22,395.88
2013,8,41501,2013.6219,388.6,395.92,390.47,397.79,388.6,395.92
2013,9,41532,2013.7068,392.18,398.26,391.95,398.02,392.18,398.26
2013,10,41562,2013.789,395.84,398.64,395.45,398.25,395.84,398.64
2013,11,41593,2013.874,-99.99,-99.99,398.32,398.49,398.32,398.49
2013,12,41623,2013.9562,400.56,399.12,400.15,398.71,400.56,399.12
2014,1,41654,2014.0411,401.74,399.34,401.34,398.93,401.74,399.34
2014,2,41685,2014.126,402.03,398.91,402.26,399.15,402.03,398.91
2014,3,41713,2014.2027,403.74,400.07,403,399.33,403.74,400.07
2014,4,41744,2014.2877,404.13,400.03,403.62,399.53,404.13,400.03
2014,5,41774,2014.3699,403.55,399.52,403.74,399.71,403.55,399.52
2014,6,41805,2014.4548,400.54,399.01,401.42,399.89,400.54,399.01
2014,7,41835,2014.537,395.98,399.62,396.43,400.07,395.98,399.62
2014,8,41866,2014.6219,392.73,400.01,392.98,400.26,392.73,400.01
2014,9,41897,2014.7068,394.09,400.13,394.4,400.44,394.09,400.13
2014,10,41927,2014.789,398.68,401.47,397.82,400.61,398.68,401.47
2014,11,41958,2014.874,401.48,401.64,400.61,400.78,401.48,401.64
2014,12,41988,2014.9562,402.37,400.94,402.36,400.93,402.37,400.94
2015,1,42019,2015.0411,-99.99,-99.99,403.47,401.08,403.47,401.08
2015,2,42050,2015.126,406.08,402.99,404.31,401.22,406.08,402.99
2015,3,42078,2015.2027,403.48,399.84,404.98,401.34,403.48,399.84
2015,4,42109,2015.2877,405.6,401.53,405.54,401.47,405.6,401.53
2015,5,42139,2015.3699,404.75,400.74,405.62,401.61,404.75,400.74
2015,6,42170,2015.4548,403.7,402.18,403.29,401.77,403.7,402.18
2015,7,42200,2015.537,397.22,400.83,398.32,401.94,397.22,400.83
2015,8,42231,2015.6219,397.18,404.42,394.9,402.13,397.18,404.42
2015,9,42262,2015.7068,395.67,401.67,396.34,402.34,395.67,401.67
2015,10,42292,2015.789,401.2,403.97,399.79,402.56,401.2,403.97
2015,11,42323,2015.874,402.76,402.92,402.64,402.8,402.76,402.92
2015,12,42353,2015.9562,404.2,402.78,404.46,403.04,404.2,402.78
2016,1,42384,2016.041,404.95,402.57,405.69,403.31,404.95,402.57
2016,2,42415,2016.1257,-99.99,-99.99,406.67,403.6,406.67,403.6
2016,3,42444,2016.2049,406.49,402.86,407.52,403.88,406.49,402.86
2016,4,42475,2016.2896,408.58,404.53,408.26,404.21,408.58,404.53
2016,5,42505,2016.3716,408.12,404.15,408.5,404.53,408.12,404.15
2016,6,42536,2016.4563,406.61,405.17,406.31,404.88,406.61,405.17
2016,7,42566,2016.5383,400.26,403.94,401.53,405.21,400.26,403.94
2016,8,42597,2016.623,399.81,407.02,398.34,405.55,399.81,407.02
2016,9,42628,2016.7077,399.38,405.32,399.93,405.87,399.38,405.32
2016,10,42658,2016.7896,405.55,408.28,403.43,406.17,405.55,408.28
2016,11,42689,2016.8743,406.65,406.81,406.3,406.46,406.65,406.81
2016,12,42719,2016.9563,407.57,406.15,408.13,406.72,407.57,406.15
2017,1,42750,2017.0411,408.65,406.29,409.33,406.97,408.65,406.29
2017,2,42781,2017.126,410.31,407.25,410.27,407.21,410.31,407.25
2017,3,42809,2017.2027,410.76,407.16,411,407.4,410.76,407.16
2017,4,42840,2017.2877,413.72,409.7,411.62,407.6,413.72,409.7
2017,5,42870,2017.3699,410.67,406.71,411.74,407.78,410.67,406.71
2017,6,42901,2017.4548,409.42,407.91,409.44,407.93,409.42,407.91
2017,7,42931,2017.537,405.95,409.52,404.49,408.07,405.95,409.52
2017,8,42962,2017.6219,401.13,408.28,401.04,408.19,401.13,408.28
2017,9,42993,2017.7068,404.29,410.23,402.36,408.3,404.29,410.23
2017,10,43023,2017.789,404.79,407.52,405.66,408.4,404.79,407.52
2017,11,43054,2017.874,408.26,408.42,408.34,408.5,408.26,408.42
2017,12,43084,2017.9562,407.46,406.06,410.03,408.62,407.46,406.06
2018,1,43115,2018.0411,410.27,407.92,411.11,408.76,410.27,407.92
2018,2,43146,2018.126,411.4,408.35,411.97,408.93,411.4,408.35
2018,3,43174,2018.2027,413.03,409.45,412.67,409.09,413.03,409.45
2018,4,43205,2018.2877,413.45,409.45,413.29,409.29,413.45,409.45
2018,5,43235,2018.3699,413.59,409.65,413.43,409.5,413.59,409.65
2018,6,43266,2018.4548,410.19,408.69,411.22,409.72,410.19,408.69
2018,7,43296,2018.537,406.56,410.11,406.4,409.95,406.56,410.11
2018,8,43327,2018.6219,403.76,410.87,403.09,410.2,403.76,410.87
2018,9,43358,2018.7068,404.74,410.63,404.54,410.44,404.74,410.63
2018,10,43388,2018.789,407.43,410.15,407.96,410.68,407.43,410.15
2018,11,43419,2018.874,409.49,409.65,410.77,410.93,409.49,409.65
2018,12,43449,2018.9562,-99.99,-99.99,412.56,411.17,412.56,411.17
2019,1,43480,2019.0411,417.47,415.13,413.74,411.4,417.47,415.13
2019,2,43511,2019.126,413.58,410.55,414.65,411.63,413.58,410.55
2019,3,43539,2019.2027,416.5,412.94,415.38,411.82,416.5,412.94
2019,4,43570,2019.2877,415.77,411.8,415.99,412.02,415.77,411.8
2019,5,43600,2019.3699,415.03,411.12,416.12,412.21,415.03,411.12
2019,6,43631,2019.4548,414.42,412.94,413.89,412.4,414.42,412.94
2019,7,43661,2019.537,410.73,414.26,409.05,412.58,410.73,414.26
2019,8,43692,2019.6219,403.82,410.89,405.7,412.77,403.82,410.89
2019,9,43723,2019.7068,-99.99,-99.99,407.09,412.95,407.09,412.95
2019,10,43753,2019.789,410.47,413.18,410.42,413.13,410.47,413.18
2019,11,43784,2019.874,-99.99,-99.99,413.15,413.31,413.15,413.31
2019,12,43814,2019.9562,-99.99,-99.99,414.88,413.49,414.88,413.49